category,mean_value,sum_value
A,11.5,46
B,15.666666666666666,47
C,27.666666666666668,83
